bot,grid,gamma,alpha,epsilon,run,efficiency,runtime,cleaned
greedy-random-robot,empty.grid,0,0,0,0,100.0,0.012002229690551758,100.0
greedy-random-robot,empty.grid,0,0,0,1,100.0,0.011002302169799805,100.0
greedy-random-robot,empty.grid,0,0,0,2,100.0,0.011002540588378906,100.0
greedy-random-robot,empty.grid,0,0,0,3,100.0,0.011003494262695312,100.0
greedy-random-robot,empty.grid,0,0,0,4,100.0,0.011001110076904297,100.0
greedy-random-robot,empty.grid,0,0,0,5,100.0,0.01200103759765625,100.0
greedy-random-robot,empty.grid,0,0,0,6,100.0,0.012001991271972656,100.0
greedy-random-robot,empty.grid,0,0,0,7,100.0,0.012002229690551758,100.0
greedy-random-robot,empty.grid,0,0,0,8,100.0,0.011001348495483398,100.0
greedy-random-robot,empty.grid,0,0,0,9,100.0,0.011002540588378906,100.0
greedy-random-robot,empty.grid,0,0,0,10,100.0,0.011002540588378906,100.0
greedy-random-robot,empty.grid,0,0,0,11,100.0,0.0110015869140625,100.0
greedy-random-robot,empty.grid,0,0,0,12,100.0,0.011001110076904297,100.0
greedy-random-robot,empty.grid,0,0,0,13,100.0,0.011002540588378906,100.0
greedy-random-robot,empty.grid,0,0,0,14,100.0,0.011002540588378906,100.0
greedy-random-robot,empty.grid,0,0,0,15,100.0,0.012003183364868164,100.0
greedy-random-robot,empty.grid,0,0,0,16,100.0,0.011002302169799805,100.0
greedy-random-robot,empty.grid,0,0,0,17,100.0,0.011002063751220703,100.0
greedy-random-robot,empty.grid,0,0,0,18,100.0,0.01200246810913086,100.0
greedy-random-robot,empty.grid,0,0,0,19,100.0,0.011001825332641602,100.0
greedy-random-robot,empty.grid,0,0,0,20,100.0,0.011002779006958008,100.0
greedy-random-robot,empty.grid,0,0,0,21,100.0,0.011002302169799805,100.0
greedy-random-robot,empty.grid,0,0,0,22,100.0,0.011002540588378906,100.0
greedy-random-robot,empty.grid,0,0,0,23,100.0,0.011002540588378906,100.0
greedy-random-robot,empty.grid,0,0,0,24,100.0,0.01200246810913086,100.0
greedy-random-robot,empty.grid,0,0,0,25,100.0,0.011002779006958008,100.0
greedy-random-robot,empty.grid,0,0,0,26,100.0,0.011002779006958008,100.0
greedy-random-robot,empty.grid,0,0,0,27,100.0,0.011002779006958008,100.0
greedy-random-robot,empty.grid,0,0,0,28,100.0,0.011002779006958008,100.0
greedy-random-robot,empty.grid,0,0,0,29,100.0,0.011002302169799805,100.0
greedy-random-robot,example-random-house-0.grid,0,0,0,0,0.6479324403028538,25.001433610916138,61.36363636363637
greedy-random-robot,example-random-house-0.grid,0,0,0,1,0.6486407696232053,25.003420114517212,61.36363636363637
greedy-random-robot,example-random-house-0.grid,0,0,0,2,0.6460511033681765,25.001418590545654,61.36363636363637
greedy-random-robot,example-random-house-0.grid,0,0,0,3,0.6381300638130064,25.002418994903564,61.36363636363637
greedy-random-robot,example-random-house-0.grid,0,0,0,4,0.6164288682643025,25.003235816955566,61.36363636363637
greedy-random-robot,example-random-house-0.grid,0,0,0,5,0.6121045392022009,25.000256061553955,61.36363636363637
greedy-random-robot,example-random-house-0.grid,0,0,0,6,0.6209013534254221,25.003257751464844,61.36363636363637
greedy-random-robot,example-random-house-0.grid,0,0,0,7,0.6174124176205341,25.002256631851196,61.36363636363637
greedy-random-robot,example-random-house-0.grid,0,0,0,8,0.6329113924050633,25.001736640930176,61.36363636363637
greedy-random-robot,example-random-house-0.grid,0,0,0,9,0.6376271672159335,25.000736951828003,61.36363636363637
greedy-random-robot,example-random-house-0.grid,0,0,0,10,0.6250877932293861,25.003742218017578,61.36363636363637
greedy-random-robot,example-random-house-0.grid,0,0,0,11,0.6253952638605861,25.002742052078247,61.36363636363637
greedy-random-robot,example-random-house-0.grid,0,0,0,12,0.6144287193648602,25.000313997268677,61.36363636363637
greedy-random-robot,example-random-house-0.grid,0,0,0,13,0.6334970460530999,25.002304792404175,61.36363636363637
greedy-random-robot,example-random-house-0.grid,0,0,0,14,0.6357596971212229,25.002317190170288,61.36363636363637
greedy-random-robot,example-random-house-0.grid,0,0,0,15,0.6337677134515417,25.00131607055664,61.36363636363637
greedy-random-robot,example-random-house-0.grid,0,0,0,16,0.6464264962231261,25.00163507461548,61.36363636363637
greedy-random-robot,example-random-house-0.grid,0,0,0,17,0.6490665110851809,25.003629446029663,61.36363636363637
greedy-random-robot,example-random-house-0.grid,0,0,0,18,0.6541231809495811,25.00162959098816,61.36363636363637
greedy-random-robot,example-random-house-0.grid,0,0,0,19,0.6277331076315418,25.00162982940674,61.36363636363637
greedy-random-robot,example-random-house-0.grid,0,0,0,20,0.6295091243457349,25.000749588012695,61.36363636363637
greedy-random-robot,example-random-house-0.grid,0,0,0,21,0.6193027625078282,25.00075387954712,61.36363636363637
greedy-random-robot,example-random-house-0.grid,0,0,0,22,0.606473594548552,25.00275444984436,61.36363636363637
greedy-random-robot,example-random-house-0.grid,0,0,0,23,0.6315191939260626,25.00374984741211,61.36363636363637
greedy-random-robot,example-random-house-0.grid,0,0,0,24,0.5812055116567623,25.000679969787598,61.36363636363637
greedy-random-robot,example-random-house-0.grid,0,0,0,25,0.6404259912211269,25.001672983169556,61.36363636363637
greedy-random-robot,example-random-house-0.grid,0,0,0,26,0.6351698544105053,25.000670433044434,61.36363636363637
greedy-random-robot,example-random-house-0.grid,0,0,0,27,0.6432959884351283,25.000678300857544,61.36363636363637
greedy-random-robot,example-random-house-0.grid,0,0,0,28,0.641996681814903,25.002182722091675,61.36363636363637
greedy-random-robot,example-random-house-0.grid,0,0,0,29,0.6168133619793471,25.002174139022827,61.36363636363637
greedy-random-robot,rooms-with-furniture.grid,0,0,0,0,0.6641086186540732,25.002177238464355,29.213483146067414
greedy-random-robot,rooms-with-furniture.grid,0,0,0,1,0.6454851897009252,25.001178741455078,29.213483146067414
greedy-random-robot,rooms-with-furniture.grid,0,0,0,2,0.6480414746543779,25.000743627548218,29.213483146067414
greedy-random-robot,rooms-with-furniture.grid,0,0,0,3,0.6359075814314986,25.002732038497925,29.213483146067414
greedy-random-robot,rooms-with-furniture.grid,0,0,0,4,0.60156406657309,25.00073218345642,29.213483146067414
greedy-random-robot,rooms-with-furniture.grid,0,0,0,5,0.6550218340611353,25.0007381439209,29.213483146067414
greedy-random-robot,rooms-with-furniture.grid,0,0,0,6,0.6382073464756772,25.00318169593811,29.213483146067414
greedy-random-robot,rooms-with-furniture.grid,0,0,0,7,0.6185141914645041,25.002191305160522,29.213483146067414
greedy-random-robot,rooms-with-furniture.grid,0,0,0,8,0.6337581860432364,25.001178979873657,29.213483146067414
greedy-random-robot,rooms-with-furniture.grid,0,0,0,9,0.6495381062355658,25.000181436538696,29.213483146067414
greedy-random-robot,rooms-with-furniture.grid,0,0,0,10,0.6493506493506493,25.00265860557556,29.213483146067414
greedy-random-robot,rooms-with-furniture.grid,0,0,0,11,0.6479015189691167,25.001652717590332,29.213483146067414
greedy-random-robot,rooms-with-furniture.grid,0,0,0,12,0.6489760599942314,25.00065279006958,29.213483146067414
greedy-random-robot,rooms-with-furniture.grid,0,0,0,13,0.6010819475055099,25.00065279006958,29.213483146067414
greedy-random-robot,rooms-with-furniture.grid,0,0,0,14,0.6525995214270176,25.001571893692017,29.213483146067414
greedy-random-robot,rooms-with-furniture.grid,0,0,0,15,0.6499602802050986,25.00056767463684,29.213483146067414
greedy-random-robot,rooms-with-furniture.grid,0,0,0,16,0.6493506493506493,25.00056767463684,29.213483146067414
greedy-random-robot,rooms-with-furniture.grid,0,0,0,17,0.6056527590847914,25.002562284469604,29.213483146067414
greedy-random-robot,rooms-with-furniture.grid,0,0,0,18,0.5864720448325297,25.0007541179657,29.213483146067414
greedy-random-robot,rooms-with-furniture.grid,0,0,0,19,0.6630811169233036,25.002752542495728,29.213483146067414
greedy-random-robot,rooms-with-furniture.grid,0,0,0,20,0.6374389121042566,25.0007541179657,29.213483146067414
greedy-random-robot,rooms-with-furniture.grid,0,0,0,21,0.6616674018526687,25.00275206565857,29.213483146067414
greedy-random-robot,rooms-with-furniture.grid,0,0,0,22,0.6161851293988772,25.007957696914673,29.213483146067414
greedy-random-robot,rooms-with-furniture.grid,0,0,0,23,0.6237006237006237,25.0069580078125,29.213483146067414
greedy-random-robot,rooms-with-furniture.grid,0,0,0,24,0.6256082302238287,25.004958152770996,29.213483146067414
greedy-random-robot,rooms-with-furniture.grid,0,0,0,25,0.627921579571618,25.00395965576172,29.213483146067414
greedy-random-robot,rooms-with-furniture.grid,0,0,0,26,0.640888698995941,25.002371788024902,29.213483146067414
greedy-random-robot,rooms-with-furniture.grid,0,0,0,27,0.6389776357827476,25.002371788024902,29.213483146067414
greedy-random-robot,rooms-with-furniture.grid,0,0,0,28,0.6305170239596469,25.000370740890503,29.213483146067414
greedy-random-robot,rooms-with-furniture.grid,0,0,0,29,0.6079848679321759,25.004363775253296,29.213483146067414
